first_name,last_name,cc,last_altered
Everett,Hards,3548329368602468,2020-05-24 22:09:47
Hakeem,Sheere,5020914982427186,2020-05-24 22:09:47
Marin,Hitchens,5.01870808009514E+017,2020-05-24 22:09:47
Darcy,Busk,201912745724867,2020-05-24 22:09:47
Emily,Weald,3533302242480028,2020-05-24 22:09:47
Dannel,Rampley,3566161226948818,2020-05-24 22:09:47
Idelle,Higgonet,3540911325968708,2020-05-24 22:09:47
Jenna,Kornyshev,3543171525352214,2020-05-24 22:09:47
Bartlett,Poschel,3572191162610926,2020-05-24 22:09:47
Mandi,Macvain,3529006162123262,2020-05-24 22:09:47
Harli,Mayo,5.60225156085708E+017,2020-05-24 22:09:47
Andrei,Ralphs,5010121048810544,2020-05-24 22:09:47
Shanta,Lavrinov,4936325393746104,2020-05-24 22:09:47
Colan,Ugoni,5602212365045261,2020-05-24 22:09:47
Lavinie,Cod,5602245308826348,2020-05-24 22:09:47
Jocelin,Lygo,3563929230508536,2020-05-24 22:09:47
Cullie,Carletto,5602257218445911,2020-05-24 22:09:47
Devonne,Piggens,5100176198702371,2020-05-24 22:09:47
Livvie,Harget,3544368924168998,2020-05-24 22:09:47
Bennie,Lynam,5108757819078960,2020-05-24 22:09:47
Harbert,Gibbs,3588819875032085,2020-05-24 22:09:47
Brice,Rivalant,6383775768875941,2020-05-24 22:09:47
Inna,Parnham,6.76162148659292E+016,2020-05-24 22:09:47
Gleda,Benedite,3532491262544093,2020-05-24 22:09:47
Osborn,Klimentyev,3568958644227776,2020-05-24 22:09:47
Sianna,Gething,5100146926713107,2020-05-24 22:09:47
Adel,Colston,4917885625766967,2020-05-24 22:09:47
Dudley,Jarmain,3532566150517861,2020-05-24 22:09:47
Fanechka,De Ath,4883315685458,2020-05-24 22:09:47
Devondra,Stearnes,372301760932980,2020-05-24 22:09:47
Mora,Hunn,6706351222610033,2020-05-24 22:09:47
Benedetto,Sunter,5100139329418283,2020-05-24 22:09:47
Latia,Pleasants,5.60223127909241E+017,2020-05-24 22:09:47
Anissa,Pendock,3544044407412472,2020-05-24 22:09:47
Jarvis,Giacometti,6385519045078756,2020-05-24 22:09:47
Goober,Hanmore,36387741065238,2020-05-24 22:09:47
Rebekkah,Belsey,3555517917339620,2020-05-24 22:09:47
Leroy,Darbon,3529518909975192,2020-05-24 22:09:47
Griswold,Burner,3586037561799386,2020-05-24 22:09:47
Reese,Lundie,3544609228824368,2020-05-24 22:09:47
Loretta,Mathieu,3538965532316345,2020-05-24 22:09:47
Elise,Goodinson,3567739961082502,2020-05-24 22:09:47
Leonanie,Leipoldt,3540329714293226,2020-05-24 22:09:47
Say,Sprigg,5602259539560030,2020-05-24 22:09:47
Bennett,Warrender,6.75948436662755E+017,2020-05-24 22:09:47
Maribelle,Ionnisian,3557971215738447,2020-05-24 22:09:47
Bing,Gadsdon,3549724099050319,2020-05-24 22:09:47
Addie,Tilney,3570100651886675,2020-05-24 22:09:47
Guendolen,Mably,3548402168271568,2020-05-24 22:09:47
Kordula,Mordue,3548246227637586,2020-05-24 22:09:47
Ulrich,Jauncey,6379282546820923,2020-05-24 22:09:47
Maryanne,Symington,4181211105191551,2020-05-24 22:09:47
Cris,Eard,337941990697749,2020-05-24 22:09:47
Emlynne,Sreenan,4.91167536251827E+017,2020-05-24 22:09:47
Maxy,Kellick,3551701480007129,2020-05-24 22:09:47
Rachel,Rose,3568099285866398,2020-05-24 22:09:47
Giorgio,Elen,5100130017651848,2020-05-24 22:09:47
Gale,Fitzgerald,4.90526157315918E+017,2020-05-24 22:09:47
Elladine,Conochie,5.89375854051265E+017,2020-05-24 22:09:47
Lars,Leisk,3541631447870785,2020-05-24 22:09:47
Sullivan,Sneyd,4913915194512577,2020-05-24 22:09:47
Ebony,Kunneke,30116499253175,2020-05-24 22:09:47
Teodoor,Rickert,201658569800826,2020-05-24 22:09:47
Byrann,Brodest,201722826962975,2020-05-24 22:09:47
Marwin,Raiment,36373919305283,2020-05-24 22:09:47
Dore,Seyffert,5502142830404002,2020-05-24 22:09:47
Shandra,Going,6.75940314510199E+017,2020-05-24 22:09:47
Rosy,Worsom,5404392193964006,2020-05-24 22:09:47
Rudyard,Cargill,3546499794342674,2020-05-24 22:09:47
Sawyer,Ducroe,5580202993371276,2020-05-24 22:09:47
Odele,Siemons,3558486873324389,2020-05-24 22:09:47
Hazel,De Leek,4405210812924338,2020-05-24 22:09:47
Guinevere,Carrol,6759350874036311,2020-05-24 22:09:47
Miguela,Houseman,3553092129573061,2020-05-24 22:09:47
Judith,Glanester,3562874109844839,2020-05-24 22:09:47
Laurella,Dowsey,5455750661787233,2020-05-24 22:09:47
Margeaux,Hoopper,3589386978038897,2020-05-24 22:09:47
Celinda,Widdowson,5.60224401037315E+018,2020-05-24 22:09:47
Reggie,Parysowna,4041373448121974,2020-05-24 22:09:47
Berkly,McCreary,3578102946521598,2020-05-24 22:09:47
Ginevra,Chesswas,6.04502080500526E+016,2020-05-24 22:09:47
Maddie,Gosling,3553334535903577,2020-05-24 22:09:47
Tiff,Muttock,3577054068482417,2020-05-24 22:09:47
Misti,Orrey,5.89385346180947E+016,2020-05-24 22:09:47
Clary,Klimov,201733965665865,2020-05-24 22:09:47
Kiri,Epelett,5.89314348815276E+018,2020-05-24 22:09:47
Arlen,Cardis,3553155693025295,2020-05-24 22:09:47
Una,Malcolm,4026418860235585,2020-05-24 22:09:47
Avivah,Bamlett,30140401239098,2020-05-24 22:09:47
Leanna,Pash,5602242680674511,2020-05-24 22:09:47
Tobe,Reason,3575154276504440,2020-05-24 22:09:47
Stacee,Golledge,3570016619783681,2020-05-24 22:09:47
Lauren,Gaythor,3570516981683260,2020-05-24 22:09:47
Wendie,Rosthorn,5602250126210808,2020-05-24 22:09:47
Jethro,Dearle,6709831392218839,2020-05-24 22:09:47
Sigismond,Durdy,3578674212139404,2020-05-24 22:09:47
Obie,Nannetti,3584631061502050,2020-05-24 22:09:47
Adelle,Wroe,5.03804465555017E+017,2020-05-24 22:09:47
Gustav,Navarijo,3571693831738906,2020-05-24 22:09:47
Millicent,Zanioletti,5.60224776656766E+018,2020-05-24 22:09:47
Barry,Wesley,3588633918034358,2020-05-24 22:09:47
Torry,Lissett,4.93682114015691E+017,2020-05-24 22:09:47
Bernette,Boldra,3537455708995727,2020-05-24 22:09:47
Cathi,Repper,6767895503463203,2020-05-24 22:09:47
Gram,Coe,4917035426656716,2020-05-24 22:09:47
Cheryl,Thying,3565999020030072,2020-05-24 22:09:47
Gustavo,Yandle,3584031579454763,2020-05-24 22:09:47
Eirena,Peggrem,372301837362716,2020-05-24 22:09:47
Saunderson,Ovenell,3589185442549962,2020-05-24 22:09:47
Auroora,Dudman,6.76358178317014E+017,2020-05-24 22:09:47
Westbrooke,Moyne,5370825929915941,2020-05-24 22:09:47
Carlin,Flanner,3566798252082895,2020-05-24 22:09:47
Elwood,Gardner,6.7590532312541E+018,2020-05-24 22:09:47
Vere,Rollin,3585124987830234,2020-05-24 22:09:47
Traci,Harmour,4026798630919430,2020-05-24 22:09:47
Matias,Grimes,372058625311020,2020-05-24 22:09:47
Claudine,De Lascy,3572939920099547,2020-05-24 22:09:47
Eldredge,Gasnoll,5.60221572341989E+017,2020-05-24 22:09:47
Holly-anne,Hasty,5641824842689645,2020-05-24 22:09:47
Hart,Perche,6709466084976624,2020-05-24 22:09:47
Elsi,Winfield,3563163759892960,2020-05-24 22:09:47
Annabal,Coplestone,6389836966189958,2020-05-24 22:09:47
Ynes,Cleary,201681731306282,2020-05-24 22:09:47
Fawn,Tincknell,5020218141068646,2020-05-24 22:09:47
Odetta,Grievson,4043954973679,2020-05-24 22:09:47
Brana,Cranke,5401963755855908,2020-05-24 22:09:47
Pancho,Latour,5100175272082478,2020-05-24 22:09:47
Genni,Veneur,5.60223781297447E+018,2020-05-24 22:09:47
Tito,Bickell,3532798245339585,2020-05-24 22:09:47
Pancho,Gladhill,3550724733659471,2020-05-24 22:09:47
Elle,Heikkinen,3580678681359944,2020-05-24 22:09:47
Wesley,Chooter,5.03808873344085E+017,2020-05-24 22:09:47
Aundrea,Telega,6.33478814931188E+018,2020-05-24 22:09:47
Whitaker,Tiddeman,3534200999742336,2020-05-24 22:09:47
Tiffanie,Angove,3588563076535062,2020-05-24 22:09:47
Barclay,Burgon,3551080194216262,2020-05-24 22:09:47
Conn,Sewell,30506623064987,2020-05-24 22:09:47
Jenda,Babington,5112468468927432,2020-05-24 22:09:47
Rudiger,Agius,4175003363292322,2020-05-24 22:09:47
Alf,Massel,30297364130803,2020-05-24 22:09:47
Dulci,Clee,201837967791270,2020-05-24 22:09:47
Ike,Pflieger,5476324672024435,2020-05-24 22:09:47
Helsa,Garthland,5602252499517272,2020-05-24 22:09:47
Orel,Chastney,5.01815834407573E+016,2020-05-24 22:09:47
Ernest,Pickle,4233995284959998,2020-05-24 22:09:47
Quintin,Cotgrave,6.33390824411634E+017,2020-05-24 22:09:47
Cheri,Hauxby,3580560876396149,2020-05-24 22:09:47
Darla,Huggon,6.75942039535359E+018,2020-05-24 22:09:47
Lyndsey,Knapp,201662839876939,2020-05-24 22:09:47
Edan,Shrimpling,3583826276655492,2020-05-24 22:09:47
Buck,Oris,3572828850294808,2020-05-24 22:09:47
Chanda,Mahody,3545439367298029,2020-05-24 22:09:47
Brandtr,Chatelain,4.93605011630446E+017,2020-05-24 22:09:47
Idelle,Dransfield,3558307661322494,2020-05-24 22:09:47
Garnette,Clurow,3571480525163504,2020-05-24 22:09:47
Cosetta,Dosedale,6.33470149352958E+018,2020-05-24 22:09:47
Marcie,Klaff,201447515082709,2020-05-24 22:09:47
Liesa,Easthope,3564170796748773,2020-05-24 22:09:47
Bella,Glashby,3565017332533178,2020-05-24 22:09:47
Mureil,Celier,5.64182314003655E+017,2020-05-24 22:09:47
Reade,Castille,5048373320768744,2020-05-24 22:09:47
Fawne,Physic,4508096624740939,2020-05-24 22:09:47
Eada,Hugk,4917990350597122,2020-05-24 22:09:47
Kelsey,Velareal,3581675411461031,2020-05-24 22:09:47
Arturo,Frayne,4.91126702398573E+017,2020-05-24 22:09:47
Conan,Smallwood,3560760824932912,2020-05-24 22:09:47
Alyson,Parffrey,5602254419017102,2020-05-24 22:09:47
Jud,Thinn,4.90368563912014E+018,2020-05-24 22:09:47
Chrystel,Shiels,3573918238961712,2020-05-24 22:09:47
Linn,Ayre,3577597833125430,2020-05-24 22:09:47
Dex,Harrowsmith,3557525858797183,2020-05-24 22:09:47
Basile,Misson,5472127561454850,2020-05-24 22:09:47
Pavel,Daley,5602231732939097,2020-05-24 22:09:47
Alphonse,Tiuit,3576962593420838,2020-05-24 22:09:47
Ramona,Randals,6.70944437985746E+016,2020-05-24 22:09:47
Napoleon,Coudray,3533277807914639,2020-05-24 22:09:47
Lilly,Fearnill,5610855819375021,2020-05-24 22:09:47
Denys,Pickerell,6.3346688150753E+018,2020-05-24 22:09:47
Morley,Swithenby,5007667780686448,2020-05-24 22:09:47
Dorena,Runcieman,5048378084273336,2020-05-24 22:09:47
Melonie,Cuniam,3535607971140926,2020-05-24 22:09:47
Kariotta,Dukes,3553378306349908,2020-05-24 22:09:47
Arin,Northbridge,3576400304921810,2020-05-24 22:09:47
Agnes,Brill,3539540942766733,2020-05-24 22:09:47
Christan,Medina,201765832590264,2020-05-24 22:09:47
Lotte,Coggan,3542719219422221,2020-05-24 22:09:47
Marven,Milier,5355024793979865,2020-05-24 22:09:47
Reinaldo,Dondon,5.61031757864806E+018,2020-05-24 22:09:47
Ebony,Plampin,3552276677936819,2020-05-24 22:09:47
Marice,Petrecz,3533183312055803,2020-05-24 22:09:47
Jerome,Bibby,4405512481746193,2020-05-24 22:09:47
Conni,Pacquet,374622280635581,2020-05-24 22:09:47
Thaine,Klewer,30122079149114,2020-05-24 22:09:47
Sibeal,Rawnsley,3543868815925779,2020-05-24 22:09:47
Elliot,Cranidge,6.75926978119687E+018,2020-05-24 22:09:47
Tiff,Cobbe,3579018350663578,2020-05-24 22:09:47
Darcie,Hurring,5602229488307261,2020-05-24 22:09:47
Danella,Chiverton,201950299455728,2020-05-24 22:09:47
Sheffield,Alennikov,3556438605549173,2020-05-24 22:09:47
Ilka,Paske,3539691256045311,2020-05-24 22:09:47
Lem,Sposito,374283133701235,2020-05-24 22:09:47
Kat,Coon,3572863814342633,2020-05-24 22:09:47
Lilith,Kumaar,3581725471610066,2020-05-24 22:09:47
Patton,Clappson,5002353159629583,2020-05-24 22:09:47
Allyn,Shirlaw,3564682556030010,2020-05-24 22:09:47
Brendin,McGuinness,201578438754758,2020-05-24 22:09:47
Roman,Balderston,201573083718869,2020-05-24 22:09:47
Tiffi,Bellard,6.7095653138579E+018,2020-05-24 22:09:47
Talbot,Bensley,30490553448611,2020-05-24 22:09:47
Nicolea,Simoncini,6.77143822323197E+018,2020-05-24 22:09:47
Perkin,Patsall,5379605262852757,2020-05-24 22:09:47
Stafford,Goody,3583067683156143,2020-05-24 22:09:47
Petra,Kingdon,30147354528666,2020-05-24 22:09:47
Alyosha,Ebden,3564320719882528,2020-05-24 22:09:47
Annette,Paffett,5602234198896710,2020-05-24 22:09:47
Elfrida,Ithell,3584934259805263,2020-05-24 22:09:47
Angus,Yeldon,6.76758135744781E+018,2020-05-24 22:09:47
Zebedee,MacKeever,5602234353767318,2020-05-24 22:09:47
Anderson,Reach,3572198444379824,2020-05-24 22:09:47
Lib,Diviny,5602226404327878,2020-05-24 22:09:47
Wain,Rains,5584796916359801,2020-05-24 22:09:47
Freeland,Touson,3569439357738571,2020-05-24 22:09:47
Jeremie,Vasyaev,3588026967153106,2020-05-24 22:09:47
Agnes,Balam,6.7675180774983E+018,2020-05-24 22:09:47
Veda,Weaver,3530284780099654,2020-05-24 22:09:47
Zacherie,Dorcey,4913832757535475,2020-05-24 22:09:47
Lyndsie,Rhymes,5100175862696059,2020-05-24 22:09:47
Moshe,Rollett,4508563705675045,2020-05-24 22:09:47
Helaina,Barents,3554049187269866,2020-05-24 22:09:47
Callean,Isaacson,5587499555915663,2020-05-24 22:09:47
Billy,Lidstone,3569450854563867,2020-05-24 22:09:47
Welby,Bernhardt,3582463628363996,2020-05-24 22:09:47
Ware,Norker,5.60225627863599E+018,2020-05-24 22:09:47
Cornelle,Dicky,201721559005481,2020-05-24 22:09:47
Else,Sharland,3563770730164119,2020-05-24 22:09:47
Sioux,Terron,5602235631624874,2020-05-24 22:09:47
Nowell,Roebottom,5602210911918189,2020-05-24 22:09:47
Wendye,Bohills,6.76287999416777E+018,2020-05-24 22:09:47
Rivalee,Jojic,6.76261052197853E+017,2020-05-24 22:09:47
Louie,McCloughlin,6.7634104661702E+018,2020-05-24 22:09:47
Kort,Flegg,30519876580583,2020-05-24 22:09:47
Nikolaos,D'Aeth,372301017660699,2020-05-24 22:09:47
Carolan,Guppey,6390561516131584,2020-05-24 22:09:47
Nicolle,Brownsell,5641820825551182,2020-05-24 22:09:47
Cal,Hyder,6.33458430332928E+017,2020-05-24 22:09:47
Marshall,Wrotham,5002355145562968,2020-05-24 22:09:47
Lucila,Facchini,3547230728425593,2020-05-24 22:09:47
Fianna,Cazereau,3585074406646218,2020-05-24 22:09:47
Asia,Meeron,3571022616327810,2020-05-24 22:09:47
Kevina,Dauber,3572469682087043,2020-05-24 22:09:47
Philippine,Middlehurst,5602258787096457,2020-05-24 22:09:47
Junia,Corke,3589593680197537,2020-05-24 22:09:47
Bobette,Diviny,5602233523423802,2020-05-24 22:09:47
Leonhard,Lamort,3567959007521806,2020-05-24 22:09:47
Tripp,Towers,3555329221707587,2020-05-24 22:09:47
Bettye,Batting,4.90532531239279E+018,2020-05-24 22:09:47
Marylee,Danat,3532636833931266,2020-05-24 22:09:47
Phyllys,Spitaro,5.61069440618887E+016,2020-05-24 22:09:47
Katusha,Spellecy,3571697293830077,2020-05-24 22:09:47
Nichole,Durbyn,5556454923784702,2020-05-24 22:09:47
Kim,Flukes,3558637404662669,2020-05-24 22:09:47
Sigfried,Shellibeer,6333499414091818,2020-05-24 22:09:47
Kay,Ivanilov,3552451366889328,2020-05-24 22:09:47
Linea,Titcom,5007669666435072,2020-05-24 22:09:47
Allix,Pavlovic,4.90353874120844E+017,2020-05-24 22:09:47
Wright,Peyto,5002354132955707,2020-05-24 22:09:47
Rochette,Nealand,5132505023763848,2020-05-24 22:09:47
Georgine,Aveson,36594799083985,2020-05-24 22:09:47
Chantal,Deware,3533713107033787,2020-05-24 22:09:47
Raffarty,St. Leger,4917406785059778,2020-05-24 22:09:47
Ailyn,Pain,4917418271217281,2020-05-24 22:09:47
Drucill,Lelliott,4405931188852387,2020-05-24 22:09:47
Merwyn,Lightning,3534528363613992,2020-05-24 22:09:47
Agathe,Lambard,372056459764520,2020-05-24 22:09:47
Rudolfo,Noddle,5196850217420836,2020-05-24 22:09:47
Peggie,Duckit,3536688789695045,2020-05-24 22:09:47
Blinny,Chat,4405690875694508,2020-05-24 22:09:47
Seana,Northall,5602217878001487,2020-05-24 22:09:47
Ty,Tsarovic,3565606161710343,2020-05-24 22:09:47
Deanne,Andrioletti,3530450668762792,2020-05-24 22:09:47
Modestine,De Winton,3534259092862532,2020-05-24 22:09:47
Vittoria,Rance,3532765472143436,2020-05-24 22:09:47
Rik,Densell,3539919676829604,2020-05-24 22:09:47
Fredia,Campling,36904324604090,2020-05-24 22:09:47
Murvyn,Gooder,3569033726604687,2020-05-24 22:09:47
Buiron,Skirving,201717820392476,2020-05-24 22:09:47
Klarika,Bogays,5512133532705174,2020-05-24 22:09:47
Claire,Northin,3566068838484589,2020-05-24 22:09:47
Caye,Batting,3568994633724507,2020-05-24 22:09:47
Mahalia,Boldison,5002351915955896,2020-05-24 22:09:47
Magdalen,Halbert,5100131945527118,2020-05-24 22:09:47
Martynne,Plumbley,6.70934399867397E+017,2020-05-24 22:09:47
Desmund,Stickels,3579765994088659,2020-05-24 22:09:47
Dan,Eastop,3552454869919675,2020-05-24 22:09:47
Abey,Buddock,5411465022276635,2020-05-24 22:09:47
Anastassia,Rolf,4911945102417835,2020-05-24 22:09:47
Earlie,Crace,5602230741059723,2020-05-24 22:09:47
Mariann,Nardoni,6.76105622129818E+016,2020-05-24 22:09:47
Carlin,Heers,5100149740375426,2020-05-24 22:09:47
Brandie,Budget,5100137474549233,2020-05-24 22:09:47
Torey,Sigars,4844781679125408,2020-05-24 22:09:47
Willow,Dilley,3534652455029204,2020-05-24 22:09:47
Carlin,Corkett,5100138474662281,2020-05-24 22:09:47
Skippy,Coldham,6.33110263055676E+018,2020-05-24 22:09:47
Donica,Glisane,4917405257551114,2020-05-24 22:09:47
Jackqueline,Zavattiero,6385491521661408,2020-05-24 22:09:47
Ardith,Milton-White,3556212376804533,2020-05-24 22:09:47
Valentine,Esland,5.03859325952117E+016,2020-05-24 22:09:47
Hendrik,Kynoch,3587825829551485,2020-05-24 22:09:47
Jim,Fossitt,3529798004121310,2020-05-24 22:09:47
Ariel,Steinson,3541531998354413,2020-05-24 22:09:47
Felic,Sexcey,5602229050402912,2020-05-24 22:09:47
Evvy,De Biasio,5283052983064443,2020-05-24 22:09:47
Quincy,Etuck,3545419930696438,2020-05-24 22:09:47
Gaynor,Andrin,3535760326401251,2020-05-24 22:09:47
Henriette,Hupka,3589672381581924,2020-05-24 22:09:47
Daryle,McGonnell,30122503218857,2020-05-24 22:09:47
Cordie,MacKill,3585628014065952,2020-05-24 22:09:47
Hally,Kurth,3563949616640539,2020-05-24 22:09:47
Manfred,Dawid,4917845099871214,2020-05-24 22:09:47
Debee,O'Cridigan,3548340060002832,2020-05-24 22:09:47
Meggie,Shapero,3549153722698171,2020-05-24 22:09:47
Loralyn,Morena,5610710500859140,2020-05-24 22:09:47
Sophey,Fransseni,3569013145522959,2020-05-24 22:09:47
Patin,Iacabucci,5.60221476874341E+016,2020-05-24 22:09:47
Joelynn,Bastow,30258190119113,2020-05-24 22:09:47
Marta,Sunter,3561240411495663,2020-05-24 22:09:47
Maxi,Alves,372301295894911,2020-05-24 22:09:47
Nils,Nicklen,30363049085059,2020-05-24 22:09:47
Wynne,Rubert,5.89387776070029E+016,2020-05-24 22:09:47
Mavra,Osgodby,30399772098364,2020-05-24 22:09:47
Ollie,Palley,5100131332078428,2020-05-24 22:09:47
Lexine,Thandi,4017951320340,2020-05-24 22:09:47
Bernadene,Robet,6372900284112818,2020-05-24 22:09:47
Britta,Brixey,201796733206460,2020-05-24 22:09:47
Allistir,Hoogendorp,6.75983806055323E+017,2020-05-24 22:09:47
Cher,Trowsdall,201879949765162,2020-05-24 22:09:47
Edin,Batisse,3535213485540311,2020-05-24 22:09:47
Kennie,Tibbotts,4508152122686528,2020-05-24 22:09:47
Diane,Waszczyk,6372450344204403,2020-05-24 22:09:47
Leisha,Burnsides,6.76715479046713E+017,2020-05-24 22:09:47
Kristy,Wimmer,3543855066273942,2020-05-24 22:09:47
Elana,Giacomello,3559916349663001,2020-05-24 22:09:47
Hobard,Thorsby,3574047636763451,2020-05-24 22:09:47
Tye,Lewing,6.75944878185822E+018,2020-05-24 22:09:47
Marketa,Robers,201681909103925,2020-05-24 22:09:47
Mercie,Wildber,337941266289908,2020-05-24 22:09:47
Gustaf,Serot,4844827608819460,2020-05-24 22:09:47
Sarena,Triggle,4175002995319776,2020-05-24 22:09:47
Mirabel,Dobrovolski,3574985205252598,2020-05-24 22:09:47
Mirilla,Von Oertzen,4041377293003617,2020-05-24 22:09:47
Frank,Yukhnini,3567495257318122,2020-05-24 22:09:47
Gal,Dadge,3584833419116019,2020-05-24 22:09:47
Tibold,Paolotto,6759230285713700,2020-05-24 22:09:47
Loralee,Bough,3580771396724021,2020-05-24 22:09:47
Dallon,Works,6.3311064557466E+017,2020-05-24 22:09:47
Etienne,Lathwell,3588963433258632,2020-05-24 22:09:47
Reese,Ricarde,5602255980422126,2020-05-24 22:09:47
Gilemette,Wagg,3575197867076633,2020-05-24 22:09:47
Putnem,Atkyns,3545107799190045,2020-05-24 22:09:47
Bari,Chattey,5100170079025895,2020-05-24 22:09:47
Jozef,Scarffe,3553921389179328,2020-05-24 22:09:47
Marthena,Ghidetti,5610774497172826,2020-05-24 22:09:47
Alfie,Wichard,3551165972125056,2020-05-24 22:09:47
Lawrence,Ambler,4913865192682247,2020-05-24 22:09:47
Lucie,Benoey,3561046110501077,2020-05-24 22:09:47
Gabbey,Andrick,3562345002057175,2020-05-24 22:09:47
Chelsy,Board,3563340188732757,2020-05-24 22:09:47
Hayyim,Trewinnard,6.76745773738441E+018,2020-05-24 22:09:47
Karil,Lafuente,3586535403069751,2020-05-24 22:09:47
Kile,Gettings,3579467054383332,2020-05-24 22:09:47
Geri,Maddison,5100177960616898,2020-05-24 22:09:47
Radcliffe,Dike,5417171643590750,2020-05-24 22:09:47
Pen,Valasek,374622409918249,2020-05-24 22:09:47
Ronda,Pockey,4175006029456991,2020-05-24 22:09:47
Joey,Matuska,6334178608133581,2020-05-24 22:09:47
Genvieve,Yuryaev,6376911485692249,2020-05-24 22:09:47
Deanne,Hansemann,4913071395225567,2020-05-24 22:09:47
Louis,Maudsley,4913974115269072,2020-05-24 22:09:47
Kristy,Giraudel,3575334237808755,2020-05-24 22:09:47
Carley,Liddard,5602217547592098,2020-05-24 22:09:47
Rustin,Fargie,3572808780393763,2020-05-24 22:09:47
Skyler,Pelosi,3573102256716171,2020-05-24 22:09:47
Wilek,Ambrogini,3563590581861120,2020-05-24 22:09:47
Edyth,Maso,3528954181971958,2020-05-24 22:09:47
Joline,Wark,374288645433417,2020-05-24 22:09:47
Lauryn,Eakley,201534156226834,2020-05-24 22:09:47
Agna,Gramer,3558497134944154,2020-05-24 22:09:47
Carolyn,Antowski,3539357692408790,2020-05-24 22:09:47
Guenna,Fiddiman,3581137830405925,2020-05-24 22:09:47
Petronilla,Bendelow,3581510988836085,2020-05-24 22:09:47
Clare,Fane,3529960900951840,2020-05-24 22:09:47
Davida,Skellington,5257634119260383,2020-05-24 22:09:47
Basilius,Steljes,5007666636378101,2020-05-24 22:09:47
Woodman,Leaton,3542754102591139,2020-05-24 22:09:47
Homerus,Iohananof,3555800498640164,2020-05-24 22:09:47
Rossie,Gentery,6.77118522104572E+018,2020-05-24 22:09:47
Steward,Lotterington,4017956461941,2020-05-24 22:09:47
Krishnah,Huett,5201904104013569,2020-05-24 22:09:47
Chrissie,Chantler,5.64182628439346E+017,2020-05-24 22:09:47
Francklin,Dalliwatr,3562439627777414,2020-05-24 22:09:47
Beverie,Foulstone,6042772430660713,2020-05-24 22:09:47
Bondy,Skeech,4017951130706119,2020-05-24 22:09:47
Gideon,Becerro,6706680064173308,2020-05-24 22:09:47
Bobbie,Aylen,6.33479905515293E+017,2020-05-24 22:09:47
Farley,Richten,4865448793598,2020-05-24 22:09:47
Calypso,Paige,3572150280832481,2020-05-24 22:09:47
Ursulina,MacRinn,3559259026430000,2020-05-24 22:09:47
Maurine,Cowburn,30333912546289,2020-05-24 22:09:47
Brodie,Angove,3552222031835677,2020-05-24 22:09:47
Zolly,Maciunas,3571660804792822,2020-05-24 22:09:47
Terrel,Dewhurst,6.30415024052209E+016,2020-05-24 22:09:47
Rochella,Ding,3537518299356276,2020-05-24 22:09:47
Carmina,Soper,4911980246746856,2020-05-24 22:09:47
Edee,de Copeman,6.30475649874178E+016,2020-05-24 22:09:47
Twila,McGinley,3530979378365678,2020-05-24 22:09:47
Billye,Phipps,4041371332690039,2020-05-24 22:09:47
Leroy,Durber,5.60225291434275E+017,2020-05-24 22:09:47
Ailee,Boldison,5461942043457146,2020-05-24 22:09:47
Rollie,Recke,6.75954462672203E+018,2020-05-24 22:09:47
Sande,Balam,5100149425869727,2020-05-24 22:09:47
Rycca,Pessolt,5108759426742426,2020-05-24 22:09:47
Christi,Lerven,3566489317715196,2020-05-24 22:09:47
Abelard,Canceller,30174839297774,2020-05-24 22:09:47
Tabb,Balffye,3548249278836461,2020-05-24 22:09:47
Brett,Flaverty,5002357600116793,2020-05-24 22:09:47
Wilton,Falloon,5602230756019034,2020-05-24 22:09:47
Pip,Perham,4917694765745546,2020-05-24 22:09:47
Efrem,Pedlingham,4369649653800,2020-05-24 22:09:47
Consuelo,Antonopoulos,3530659301691529,2020-05-24 22:09:47
Norma,McCleary,3539961577182915,2020-05-24 22:09:47
Fawn,Dudden,3552999346724734,2020-05-24 22:09:47
Jo,Cecely,5.03897709745079E+018,2020-05-24 22:09:47
Kiersten,Cullon,201875760574360,2020-05-24 22:09:47
Iona,Caulkett,5507307756573230,2020-05-24 22:09:47
Paco,Rekes,5205283225284391,2020-05-24 22:09:47
Lillis,Somes,3565165329903175,2020-05-24 22:09:47
Aundrea,Horwell,3546681958713929,2020-05-24 22:09:47
Chantalle,Pidwell,5010120934073399,2020-05-24 22:09:47
Lorilyn,Tomasini,5.02078512305326E+017,2020-05-24 22:09:47
Herman,Hendonson,5483139652364556,2020-05-24 22:09:47
Meredithe,Watkinson,201655575997000,2020-05-24 22:09:47
Corney,Rabbage,5451059022999873,2020-05-24 22:09:47
Murvyn,Rozea,5.64182292604515E+017,2020-05-24 22:09:47
Bryanty,McGougan,3530701921840506,2020-05-24 22:09:47
Noni,Vallender,3544117209145159,2020-05-24 22:09:47
Ezechiel,Briereton,5.03824831469136E+016,2020-05-24 22:09:47
Elissa,Myrtle,3579138164723861,2020-05-24 22:09:47
Frederico,Mardy,3536358862177341,2020-05-24 22:09:47
Candie,Corsan,3562580376540436,2020-05-24 22:09:47
Tiffie,Mytton,201422583598142,2020-05-24 22:09:47
Bryna,Mewe,5602251503820581,2020-05-24 22:09:47
Meryl,Mertel,3545374336798389,2020-05-24 22:09:47
Kristina,Surman,4041596799874,2020-05-24 22:09:47
Janos,Rennick,201616928061258,2020-05-24 22:09:47
Kori,Clink,4405739352816116,2020-05-24 22:09:47
Gloriane,Behn,30027133096278,2020-05-24 22:09:47
Kelli,Vicker,4041599713815,2020-05-24 22:09:47
Zeb,Olensby,337941420762253,2020-05-24 22:09:47
Hashim,Alebrooke,5.60222279075E+017,2020-05-24 22:09:47
Bartie,Bartels-Ellis,3528068908830627,2020-05-24 22:09:47
Tucky,Dinsale,30523799237263,2020-05-24 22:09:47
Krystle,Twiname,6.33473776419013E+018,2020-05-24 22:09:47
Shell,Torrejon,3539307831686301,2020-05-24 22:09:47
Lawrence,Soloway,374283140300948,2020-05-24 22:09:47
Page,Thatcham,3583114314670892,2020-05-24 22:09:47
Bernete,Wankel,3546679272917457,2020-05-24 22:09:47
Colet,Rennles,4026483139128755,2020-05-24 22:09:47
Denys,MacKessock,3546534807860146,2020-05-24 22:09:47
Georgena,Millson,5602244205576924,2020-05-24 22:09:47
Andee,Sincock,4913231707695259,2020-05-24 22:09:47
Cesare,Dohms,3561710369434997,2020-05-24 22:09:47
Johnette,Varley,4041371219602925,2020-05-24 22:09:47
Pammy,Strowger,3580515969641280,2020-05-24 22:09:47
Timothy,Bundey,6.04727693661147E+016,2020-05-24 22:09:47
Amy,Boich,5602212161874443,2020-05-24 22:09:47
Michaela,Ingre,3533137769367723,2020-05-24 22:09:47
Tildy,Reijmers,5602233358513933,2020-05-24 22:09:47
Sutton,Pobjoy,337941529486564,2020-05-24 22:09:47
Winslow,O'Cannavan,3566760847582722,2020-05-24 22:09:47
Joni,Fazzioli,4903211885831597,2020-05-24 22:09:47
Jeffrey,Lantry,4508691518054932,2020-05-24 22:09:47
Harcourt,Brimming,4026627365032517,2020-05-24 22:09:47
Marta,Wilsey,5201851145283554,2020-05-24 22:09:47
Sanford,Joseland,6.76164622026803E+018,2020-05-24 22:09:47
Salvidor,Normavell,3589210087250385,2020-05-24 22:09:47
Ingrid,Catchpole,5602237158431253,2020-05-24 22:09:47
Dora,Crus,6399572834878781,2020-05-24 22:09:47
Krisha,Calveley,5547036914986271,2020-05-24 22:09:47
Nanette,Legrand,3561868249852604,2020-05-24 22:09:47
Marla,Jerman,3583235611212615,2020-05-24 22:09:47
Franciska,Gravenell,5610551384805894,2020-05-24 22:09:47
Leanora,D'Alwis,5602241767278055,2020-05-24 22:09:47
Ermentrude,Nanson,5002356395978862,2020-05-24 22:09:47
Ruby,Demke,3569707231738755,2020-05-24 22:09:47
Sydney,Jenno,3561777164615021,2020-05-24 22:09:47
Melisenda,Ellesworthe,3581121328413468,2020-05-24 22:09:47
Edan,Winterflood,3528261928418768,2020-05-24 22:09:47
Anselma,O'Fallowne,5570194664852233,2020-05-24 22:09:47
Rosalyn,Trow,5.03818403924718E+017,2020-05-24 22:09:47
Ernaline,Pidgeon,3528171093210330,2020-05-24 22:09:47
Imogen,Ghirigori,3582668163898244,2020-05-24 22:09:47
Jeana,Roskams,3570144104779657,2020-05-24 22:09:47
Danielle,Cuttell,5100171821743991,2020-05-24 22:09:47
Bradley,Collum,5.60222494360968E+018,2020-05-24 22:09:47
Mauricio,Witt,5602230709002285,2020-05-24 22:09:47
Ediva,Carsberg,3555402529302847,2020-05-24 22:09:47
Stanley,Skillern,3581372504110101,2020-05-24 22:09:47
Roz,Bunting,5.64182596211048E+017,2020-05-24 22:09:47
Janine,Mankor,6767070089911674,2020-05-24 22:09:47
Silva,Mulvenna,5100137841578212,2020-05-24 22:09:47
Caralie,Tomala,5108750760769067,2020-05-24 22:09:47
Irving,Van der Veldt,3586256869103451,2020-05-24 22:09:47
Hastie,Crowth,374283756742995,2020-05-24 22:09:47
Carmelina,Barbie,3551952888744231,2020-05-24 22:09:47
Ruthe,Gallant,5100139672856428,2020-05-24 22:09:47
Penelopa,Ellgood,5100149991022917,2020-05-24 22:09:47
Reg,Pyzer,3553377683703828,2020-05-24 22:09:47
Aloise,Percifull,3528965746292771,2020-05-24 22:09:47
Sayers,Jostan,5602233531399887,2020-05-24 22:09:47
Susanetta,Purselow,5010120752637747,2020-05-24 22:09:47
Eadith,Arpino,3578219140581507,2020-05-24 22:09:47
Suzanne,Trinke,6.3049489731987E+016,2020-05-24 22:09:47
Eugenio,Fullagar,4508109789418025,2020-05-24 22:09:47
Nichols,Casterton,5048370593476344,2020-05-24 22:09:47
Nonna,Goodings,3530547279603149,2020-05-24 22:09:47
Blaire,Annon,3580179780487538,2020-05-24 22:09:47
Darryl,Hamments,5.03804741587516E+017,2020-05-24 22:09:47
Coleman,Jurewicz,3564338677649622,2020-05-24 22:09:47
Benoite,Sneddon,5179846458697430,2020-05-24 22:09:47
Betsey,Tatersale,3550709265547525,2020-05-24 22:09:47
Clark,Mantrip,372301272636426,2020-05-24 22:09:47
Giavani,Yole,4911204265774966,2020-05-24 22:09:47
Wes,Patters,3532923537980801,2020-05-24 22:09:47
Damien,Shailer,3541905001569961,2020-05-24 22:09:47
Curtice,Sheldrake,3587414543862286,2020-05-24 22:09:47
Kala,Mueller,3558371710066593,2020-05-24 22:09:47
Ephraim,Hallworth,5602245603505605,2020-05-24 22:09:47
Alfy,Laetham,5472248341849506,2020-05-24 22:09:47
Sibbie,Bernetti,6383088271220963,2020-05-24 22:09:47
Laurice,Lenin,6759265836902238,2020-05-24 22:09:47
Jorrie,Venning,604721067051228,2020-05-24 22:09:47
Lily,Stockley,3536100669943966,2020-05-24 22:09:47
Carleen,Thiese,4903912649553571,2020-05-24 22:09:47
Gustaf,Galero,4175001897078316,2020-05-24 22:09:47
Merline,O'Tierney,3532129641973662,2020-05-24 22:09:47
Carmine,Glazebrook,3536000178945892,2020-05-24 22:09:47
Hayyim,Mockett,6333846815374047,2020-05-24 22:09:47
Dall,Plane,5610985676590238,2020-05-24 22:09:47
Selene,Ockenden,3563250670605371,2020-05-24 22:09:47
Harrie,Middas,5464972844166528,2020-05-24 22:09:47
Sorcha,Grinnikov,5474435644983631,2020-05-24 22:09:47
Lydia,Pattini,3562792214273142,2020-05-24 22:09:47
Maisey,Djekovic,5404914254410783,2020-05-24 22:09:47
Lauren,Borley,4632949237230,2020-05-24 22:09:47
Burl,Pautard,3565708756701974,2020-05-24 22:09:47
Gisele,Bummfrey,3540440198522558,2020-05-24 22:09:47
Sutherlan,Peniman,3582612358351197,2020-05-24 22:09:47
Marissa,Nisco,3589858087823799,2020-05-24 22:09:47
Stephana,Aggio,374288597748796,2020-05-24 22:09:47
Brigg,Sturley,5602256893416106,2020-05-24 22:09:47
Shandy,Chalcroft,30528093304537,2020-05-24 22:09:47
Nesta,Rack,30375858617897,2020-05-24 22:09:47
Billie,Ivanaev,6331101807184034,2020-05-24 22:09:47
Riley,Bage,3570870286107297,2020-05-24 22:09:47
Kaylyn,Livens,3589069889102461,2020-05-24 22:09:47
Elysha,Shorto,3580603966726930,2020-05-24 22:09:47
Alvin,Scardifeild,3575940464118955,2020-05-24 22:09:47
Jany,Flux,30380577149354,2020-05-24 22:09:47
Edwin,Freschi,3540935957200908,2020-05-24 22:09:47
Birgitta,Clougher,3549988452185992,2020-05-24 22:09:47
Hermione,Sarle,3565097096435430,2020-05-24 22:09:47
Kristi,Wallbridge,6333791284832226,2020-05-24 22:09:47
Grant,Stooders,3560898916081097,2020-05-24 22:09:47
Melli,Kembley,5100148653673769,2020-05-24 22:09:47
Rockwell,Pharoah,4917580893922885,2020-05-24 22:09:47
Yolanthe,Brimmacombe,5602233484273147,2020-05-24 22:09:47
Wandie,Connar,3540745581881514,2020-05-24 22:09:47
Aubine,Ganders,4041590686168,2020-05-24 22:09:47
Christoffer,McGonigle,3577618849565748,2020-05-24 22:09:47
Berty,Buckie,30473321121041,2020-05-24 22:09:47
Eugenie,Dillingham,5100138782337063,2020-05-24 22:09:47
Yasmeen,Raymont,5602233293063366,2020-05-24 22:09:47
Laurence,Chavez,3588186610138514,2020-05-24 22:09:47
Patten,Flucks,3540071649654227,2020-05-24 22:09:47
Rae,Coalbran,4508518318248218,2020-05-24 22:09:47
Sharona,Skarr,5100172342368896,2020-05-24 22:09:47
Emory,Truin,5020054154179883,2020-05-24 22:09:47
Francesco,Grinaugh,5227982711285598,2020-05-24 22:09:47
Hildegarde,Le Barr,3559818740525732,2020-05-24 22:09:47
Jarrett,Reede,374622133825975,2020-05-24 22:09:47
Susie,Gatherer,5010124222475050,2020-05-24 22:09:47
Gavan,Synnott,3582533339141822,2020-05-24 22:09:47
Wylma,MacLeese,5002355253861723,2020-05-24 22:09:47
Tiffie,Oiseau,5610846557851760,2020-05-24 22:09:47
Calida,Swinfon,5100132236815873,2020-05-24 22:09:47
Adams,Beetlestone,3530009098742046,2020-05-24 22:09:47
Hilliary,Karlqvist,4508232973905704,2020-05-24 22:09:47
Daisy,Olivia,30240195067703,2020-05-24 22:09:47
Cecilio,Ricardon,201706764717715,2020-05-24 22:09:47
Merilee,Ollerhad,3570911674541497,2020-05-24 22:09:47
Tina,Gourley,348791671395791,2020-05-24 22:09:47
Katleen,Stellin,3565036896622078,2020-05-24 22:09:47
Colan,Tremoille,5.64182129611896E+017,2020-05-24 22:09:47
Melicent,Fancutt,6399183019994318,2020-05-24 22:09:47
Loella,Westbury,3569720082987389,2020-05-24 22:09:47
Alaster,Fitzharris,5602251956114367,2020-05-24 22:09:47
Elisha,Alyukin,5602218846648383,2020-05-24 22:09:47
Marchelle,Breckon,337941260484877,2020-05-24 22:09:47
Pauli,Pidgeley,3574172582527161,2020-05-24 22:09:47
Loreen,Bridle,3567771171954493,2020-05-24 22:09:47
Kellyann,Hiscoe,3535169641540175,2020-05-24 22:09:47
Jacinda,Lincey,374288317030764,2020-05-24 22:09:47
Kimberly,Drowsfield,6398283624703491,2020-05-24 22:09:47
Oriana,Lansdowne,3537261196947026,2020-05-24 22:09:47
Pegeen,Rewbottom,3562217431713308,2020-05-24 22:09:47
Basil,Tunnoch,4041593890825,2020-05-24 22:09:47
Gelya,Fader,3585381151178101,2020-05-24 22:09:47
Harland,Ziebart,3574603515970854,2020-05-24 22:09:47
Hendrik,Rambadt,337941622291861,2020-05-24 22:09:47
Papageno,Wahncke,201545638431867,2020-05-24 22:09:47
Orelle,Strafford,337941751444745,2020-05-24 22:09:47
Ardine,Abramowitz,4.90329979416466E+017,2020-05-24 22:09:47
Salvador,Collaton,6.76291431126905E+016,2020-05-24 22:09:47
Baxter,Pietesch,5002355005663724,2020-05-24 22:09:47
Cammy,Flintoff,5.64182711550838E+017,2020-05-24 22:09:47
Baryram,Radnage,3554063536053491,2020-05-24 22:09:47
Jsandye,Dunkerton,3529452847750519,2020-05-24 22:09:47
Cilka,Santorini,4913470617577062,2020-05-24 22:09:47
Boonie,Winter,201953686965259,2020-05-24 22:09:47
Maggy,Spikins,3528076637420107,2020-05-24 22:09:47
Timmi,Longridge,6759299111643753,2020-05-24 22:09:47
Horton,Charpin,3547946303774358,2020-05-24 22:09:47
Ermin,Veighey,5.60225260036901E+017,2020-05-24 22:09:47
Ellynn,Wellwood,4949875403176,2020-05-24 22:09:47
Janifer,Sallinger,3540847877801568,2020-05-24 22:09:47
Sherry,Collington,5108754299731804,2020-05-24 22:09:47
Nappy,Bardell,5.60222256334971E+018,2020-05-24 22:09:47
Sheelagh,Pointing,6.33410840043418E+017,2020-05-24 22:09:47
Kristina,Bernardino,6.77113281280507E+016,2020-05-24 22:09:47
Cobby,Columbine,5007663334354278,2020-05-24 22:09:47
Mendie,Spatig,6333671496923577,2020-05-24 22:09:47
Connie,Swindells,5.02026591608688E+016,2020-05-24 22:09:47
Antonella,McKeowon,30296956962342,2020-05-24 22:09:47
Gayle,Goldhill,4917341026038853,2020-05-24 22:09:47
Silvanus,Raincin,343294218640485,2020-05-24 22:09:47
Charlton,Goody,6.70677140572249E+018,2020-05-24 22:09:47
Manon,Yegorkov,3561320148859140,2020-05-24 22:09:47
Sari,Slocket,3559179047030060,2020-05-24 22:09:47
Cyrill,Treske,6.70688013594398E+017,2020-05-24 22:09:47
Wynn,Churchyard,5100149808584083,2020-05-24 22:09:47
Christie,Berens,4508817513258661,2020-05-24 22:09:47
Dorelia,Lympany,30450867693500,2020-05-24 22:09:47
Donetta,Walkinshaw,378045905604590,2020-05-24 22:09:47
Michael,MacNaughton,6767629344286352,2020-05-24 22:09:47
Cindee,Gullberg,6.333558330482E+018,2020-05-24 22:09:47
Chastity,Sleep,3569936648443887,2020-05-24 22:09:47
Rona,Grima,3585765067821822,2020-05-24 22:09:47
Conrado,Houten,337941353090896,2020-05-24 22:09:47
Dwain,Weyman,3587826982819396,2020-05-24 22:09:47
Toma,Camocke,5247068396761206,2020-05-24 22:09:47
Ashely,Prazor,5.60221130406049E+016,2020-05-24 22:09:47
Nicolai,Laurenson,337941426928023,2020-05-24 22:09:47
Caz,Franzen,3587007489249813,2020-05-24 22:09:47
Lissi,Feavyour,5602252238269102,2020-05-24 22:09:47
Lannie,Domanek,3581035303834656,2020-05-24 22:09:47
Samara,Fillery,30382612070777,2020-05-24 22:09:47
Sheilah,Houdmont,3567195489327814,2020-05-24 22:09:47
Dirk,Crawford,372301007017983,2020-05-24 22:09:47
Brok,Mulcahy,201767757511739,2020-05-24 22:09:47
Darryl,Gipp,4041370038581765,2020-05-24 22:09:47
Vally,Jockle,3535767956397709,2020-05-24 22:09:47
Josepha,Murkus,6.76313554287225E+017,2020-05-24 22:09:47
Olympia,Izat,5007662365475606,2020-05-24 22:09:47
Guillemette,de Werk,5198061929187964,2020-05-24 22:09:47
Elston,Tribbeck,3556618394027511,2020-05-24 22:09:47
Carmel,Pennington,201562881078667,2020-05-24 22:09:47
Pamella,Greason,3571537440759771,2020-05-24 22:09:47
Shayne,Fripp,4041370023517,2020-05-24 22:09:47
Tom,Benian,3538109561859475,2020-05-24 22:09:47
Andros,Maulin,3542366576773752,2020-05-24 22:09:47
Errick,Walling,3555578396202333,2020-05-24 22:09:47
Britni,Knocker,3580675283527696,2020-05-24 22:09:47
Erskine,Rispin,3556836105360217,2020-05-24 22:09:47
Reynolds,Gianinotti,5100137058190669,2020-05-24 22:09:47
Ambrosio,Hartright,337941077692589,2020-05-24 22:09:47
Kerwin,O' Liddy,3580533522359415,2020-05-24 22:09:47
Bartolemo,Padberry,372301495468417,2020-05-24 22:09:47
Nestor,Strangeway,3554092239819833,2020-05-24 22:09:47
Annmaria,Sibson,201834076408870,2020-05-24 22:09:47
Aida,Hugill,3572062925778542,2020-05-24 22:09:47
Philomena,Paffley,30462784332716,2020-05-24 22:09:47
Margarette,Brigden,3543390311455946,2020-05-24 22:09:47
Kassia,Bresland,3559340046979570,2020-05-24 22:09:47
Walther,Skain,3538551286714396,2020-05-24 22:09:47
Abba,Whiskin,30156896036484,2020-05-24 22:09:47
Edik,Bromont,4026191286653166,2020-05-24 22:09:47
Dorey,Eustice,3561579319477178,2020-05-24 22:09:47
Korney,Proffitt,3566632242199164,2020-05-24 22:09:47
Loralyn,Moorerud,6.76204791431926E+017,2020-05-24 22:09:47
Roxanne,MacGray,3529364213491877,2020-05-24 22:09:47
Gwyn,Whittier,5048372570923520,2020-05-24 22:09:47
Deana,Barrie,5018370346549096,2020-05-24 22:09:47
Cortie,Allso,5602232370460636,2020-05-24 22:09:47
Samara,Caton,3583825125791839,2020-05-24 22:09:47
Ellen,Dureden,201680729780144,2020-05-24 22:09:47
Donnie,Boskell,3555775940796881,2020-05-24 22:09:47
Laure,Fagg,5.60223784948943E+016,2020-05-24 22:09:47
Heywood,Mickleburgh,3555610395439127,2020-05-24 22:09:47
Regina,Burkman,372301107414163,2020-05-24 22:09:47
Ephraim,Eddow,5354027635357555,2020-05-24 22:09:47
Margarete,Whopples,201610034579204,2020-05-24 22:09:47
Torie,Renvoise,3554593902617420,2020-05-24 22:09:47
Charil,Batting,3574954859296533,2020-05-24 22:09:47
Aaron,Drakeley,5610176321134750,2020-05-24 22:09:47
Emmie,Shaylor,3545659368306519,2020-05-24 22:09:47
Rusty,Quarton,3569278921112792,2020-05-24 22:09:47
Gilli,Takis,3547711212110254,2020-05-24 22:09:47
Salomo,Baxandall,6.3042284410339E+018,2020-05-24 22:09:47
Jacklin,Schimek,6709361998877333,2020-05-24 22:09:47
Garey,Mauchlen,5100131214968274,2020-05-24 22:09:47
Eyde,Halshaw,5.60224068237467E+016,2020-05-24 22:09:47
Bobbie,Smewing,3580361675442642,2020-05-24 22:09:47
Rubie,Fenkel,4.90535401765682E+018,2020-05-24 22:09:47
Mirabel,Devonald,5221962479639356,2020-05-24 22:09:47
Ilise,Reditt,3556615257573268,2020-05-24 22:09:47
Lonna,Tytler,4913117084690874,2020-05-24 22:09:47
Yolane,Southern,5602220710069506,2020-05-24 22:09:47
Jilleen,Durnian,5007661876305575,2020-05-24 22:09:47
Carilyn,Tuerena,30462769484169,2020-05-24 22:09:47
Rhianna,Tomek,6.77148779987465E+018,2020-05-24 22:09:47
Shamus,Farloe,4041371854316,2020-05-24 22:09:47
Euphemia,Robecon,4.93665507421529E+017,2020-05-24 22:09:47
Ranee,Conneely,6.75906673895876E+017,2020-05-24 22:09:47
Fabe,Kelley,30159383392238,2020-05-24 22:09:47
Midge,Hovington,3562165736292496,2020-05-24 22:09:47
Martha,Jacobowits,4.93613350261253E+017,2020-05-24 22:09:47
Zelig,Britzius,30089907926064,2020-05-24 22:09:47
Kilian,Dalrymple,3576408317051293,2020-05-24 22:09:47
Ivonne,Arlt,3576094927282955,2020-05-24 22:09:47
Nicol,Bryceson,5100177623929431,2020-05-24 22:09:47
Win,Larvent,4.90525115687054E+018,2020-05-24 22:09:47
Farrah,Coare,3580621055794700,2020-05-24 22:09:47
Minnie,Aronoff,3537563419393940,2020-05-24 22:09:47
Kimbell,Meagh,201547010945365,2020-05-24 22:09:47
Patten,Gong,3576188948004594,2020-05-24 22:09:47
Gladys,Marking,5.64182811566719E+018,2020-05-24 22:09:47
Arlen,Ashness,3576743146669513,2020-05-24 22:09:47
Mario,Brigden,3583234167313042,2020-05-24 22:09:47
Freeman,Balloch,4405993348386862,2020-05-24 22:09:47
Peder,Sutterby,3577517701233660,2020-05-24 22:09:47
Codi,Harner,6.75935405172364E+016,2020-05-24 22:09:47
Isa,Grishanin,3531186853576428,2020-05-24 22:09:47
Bernice,Schleswig-Holstein,342196185387415,2020-05-24 22:09:47
Bartram,Gooms,3561029883548046,2020-05-24 22:09:47
Brandise,Spinage,6.30477042223097E+017,2020-05-24 22:09:47
Stephie,Craggs,6333577196141982,2020-05-24 22:09:47
Izzy,Sandon,3574413460961761,2020-05-24 22:09:47
Shelbi,Worsfield,5.03835342013968E+018,2020-05-24 22:09:47
Kort,Pettecrew,4.9030512693144E+017,2020-05-24 22:09:47
Seth,Elleton,3574150114082426,2020-05-24 22:09:47
Gui,Kaindl,5602210501217067,2020-05-24 22:09:47
Tann,Houston,6.70979238831972E+016,2020-05-24 22:09:47
Andrea,Turbat,3555023821731655,2020-05-24 22:09:47
Arlen,Saphir,3559358121696000,2020-05-24 22:09:47
Vicky,Barns,4913535077357401,2020-05-24 22:09:47
Julius,Corser,4041374283612,2020-05-24 22:09:47
Shaina,Leeburne,6.77113432782263E+017,2020-05-24 22:09:47
Brittni,Henrion,5159527378197883,2020-05-24 22:09:47
Lorant,Mustoo,4.91185686039019E+018,2020-05-24 22:09:47
Laetitia,Schutte,6.76322856870411E+018,2020-05-24 22:09:47
Anette,Londing,3546064409286490,2020-05-24 22:09:47
Amalee,Mariette,5.60225094012977E+018,2020-05-24 22:09:47
Steffi,Greatrakes,6.75928757132858E+018,2020-05-24 22:09:47
Gaynor,Dufore,5010123846549043,2020-05-24 22:09:47
Brod,MacGiolla,372301232464141,2020-05-24 22:09:47
Marline,Amoss,6399892655261267,2020-05-24 22:09:47
Eugenia,Casarili,201777313830929,2020-05-24 22:09:47
Jerrilyn,Greave,5893500197243767,2020-05-24 22:09:47
Debora,Lenox,201708432273550,2020-05-24 22:09:47
Silvia,Overton,5.64182202891555E+018,2020-05-24 22:09:47
Herve,Regitz,3544195569456945,2020-05-24 22:09:47
Jemima,Fitchen,3589373111251363,2020-05-24 22:09:47
Yard,Stores,5602246307482372,2020-05-24 22:09:47
Gabriello,Montilla,4026839910943169,2020-05-24 22:09:47
Susette,Carlone,5555108798161294,2020-05-24 22:09:47
Goldarina,Sawell,5602231968083289,2020-05-24 22:09:47
Sabina,Rickaert,372301393602323,2020-05-24 22:09:47
Jules,Aymes,30528122667029,2020-05-24 22:09:47
Tomkin,Lownes,3531391673916610,2020-05-24 22:09:47
Jedd,Hollyland,5602248383458516,2020-05-24 22:09:47
Conrade,Kulic,4913429788364353,2020-05-24 22:09:47
Eugenio,Durrance,5.60225042235503E+018,2020-05-24 22:09:47
Billie,Reason,3543260569836842,2020-05-24 22:09:47
Valerye,Elger,372301555792789,2020-05-24 22:09:47
Sheeree,Valentin,3584575900453639,2020-05-24 22:09:47
Winifield,Cane,30184564673859,2020-05-24 22:09:47
Davide,Menendes,3542468629747146,2020-05-24 22:09:47
Peterus,Woolfoot,3575729498004194,2020-05-24 22:09:47
Lona,Joret,3564207239388880,2020-05-24 22:09:47
Juan,Wickersley,3570152447351001,2020-05-24 22:09:47
Allayne,McRavey,30297546125879,2020-05-24 22:09:47
Giffer,Erlam,30061539731311,2020-05-24 22:09:47
Anatole,Grew,4026230678461844,2020-05-24 22:09:47
Shannan,Gidney,3570047021804054,2020-05-24 22:09:47
Tobit,Bril,3572510854805934,2020-05-24 22:09:47
Hale,Lilburne,5002353536784697,2020-05-24 22:09:47
Wildon,Beverley,201604102092786,2020-05-24 22:09:47
Dan,Ten Broek,5.89317222581989E+016,2020-05-24 22:09:47
Barry,Adnett,201981635712191,2020-05-24 22:09:47
Hadlee,Dovydenas,6333573616089810,2020-05-24 22:09:47
Bren,Rabl,5.60221065936238E+017,2020-05-24 22:09:47
Jamie,Kesteven,201846202375153,2020-05-24 22:09:47
Nicoli,Taberer,5426630121219322,2020-05-24 22:09:47
Lance,Leeke,3560153355498075,2020-05-24 22:09:47
Rollo,Mertsching,5602228955143670,2020-05-24 22:09:47
Nanny,Thomsson,4017956001234,2020-05-24 22:09:47
Ford,Charles,4936753305022282,2020-05-24 22:09:47
Aron,Levey,6.33330976433902E+018,2020-05-24 22:09:47
Arabele,Calvie,4026801356010853,2020-05-24 22:09:47
Emmy,Bohlje,30485222523307,2020-05-24 22:09:47
Curcio,Cornew,4.90344398165624E+018,2020-05-24 22:09:47
Junina,Stronough,3571757189451725,2020-05-24 22:09:47
Siegfried,Bodker,374288035680494,2020-05-24 22:09:47
Burk,Coltart,5048377843694030,2020-05-24 22:09:47
Cordell,Troman,3529106365240952,2020-05-24 22:09:47
Chester,Mastrantone,5602243666294878,2020-05-24 22:09:47
Winni,Bruford,379252317050110,2020-05-24 22:09:47
Jecho,Lewsy,6.7612696954209E+017,2020-05-24 22:09:47
Rafaelita,Brauninger,5100148592649771,2020-05-24 22:09:47
Hector,Almey,6304387336353108,2020-05-24 22:09:47
Cathlene,Zylberdik,5413194097284484,2020-05-24 22:09:47
Wain,Gounod,3543738557745430,2020-05-24 22:09:47
Thalia,Shakle,3549415420023261,2020-05-24 22:09:47
Payton,Karoly,4041594764409,2020-05-24 22:09:47
Jessica,Postins,201722432803464,2020-05-24 22:09:47
Amalia,Coenraets,30322911366930,2020-05-24 22:09:47
Alexi,Newby,5602214516606579,2020-05-24 22:09:47
Sandro,Ilyin,3586070898930119,2020-05-24 22:09:47
Rod,Tilte,349356312300144,2020-05-24 22:09:47
Jessalin,Stoffler,6.33110758693395E+017,2020-05-24 22:09:47
Arthur,English,3566043969239904,2020-05-24 22:09:47
Wainwright,Meffan,3539646876085394,2020-05-24 22:09:47
Fidelia,Cicero,6.76792852719756E+017,2020-05-24 22:09:47
Debra,Ivy,5.0186275311744E+018,2020-05-24 22:09:47
Corbett,Tomasi,5100137991984129,2020-05-24 22:09:47
Devy,Lenahan,30117454534500,2020-05-24 22:09:47
Kalina,Craghead,3543548584720557,2020-05-24 22:09:47
Niki,Trevillion,3561861693809675,2020-05-24 22:09:47
Eberhard,Lyngsted,6.77156838731583E+016,2020-05-24 22:09:47
Blanch,Carnalan,5.6022218622414E+017,2020-05-24 22:09:47
Yetty,Normavill,4175006041562412,2020-05-24 22:09:47
Elsie,Brightie,4811344818068275,2020-05-24 22:09:47
Sarajane,Goodwell,3556281341662490,2020-05-24 22:09:47
Hildy,Vipan,6334499411598376,2020-05-24 22:09:47
Ursula,Beig,5602224520521367,2020-05-24 22:09:47
Lilias,Afield,3555665463898554,2020-05-24 22:09:47
Eartha,Serjeantson,5.60225583101062E+018,2020-05-24 22:09:47
Nappy,Varvell,201745257894789,2020-05-24 22:09:47
Marianne,Andrich,3570653741757579,2020-05-24 22:09:47
Aldin,Ingilson,5530379117697389,2020-05-24 22:09:47
Basilio,Birchall,3584819666766846,2020-05-24 22:09:47
Amata,Cardnell,3553923245449929,2020-05-24 22:09:47
Teddy,Spoward,3564794344422563,2020-05-24 22:09:47
Alic,Sharvill,6382297441700405,2020-05-24 22:09:47
Tami,Chappell,3552736054188532,2020-05-24 22:09:47
Haywood,Wolfenden,6.75916861668075E+017,2020-05-24 22:09:47
Sherilyn,Blanc,5564267080415666,2020-05-24 22:09:47
Krista,Kepe,3528486737860245,2020-05-24 22:09:47
Constantina,Storey,3567952313839780,2020-05-24 22:09:47
Olivero,Brigstock,4844825426188746,2020-05-24 22:09:47
Gertrude,MacManus,3558587340122908,2020-05-24 22:09:47
Glyn,Jansen,3542812534045536,2020-05-24 22:09:47
Eddy,Espadas,3536831268633273,2020-05-24 22:09:47
Rosalie,Weeden,6771253439395921,2020-05-24 22:09:47
Maddie,Gergolet,6.75919134924038E+018,2020-05-24 22:09:47
Joshia,Cuerdall,5602249037852013,2020-05-24 22:09:47
Marga,Littlepage,6333633282872244,2020-05-24 22:09:47
Lucian,Churchouse,3565192572750392,2020-05-24 22:09:47
Sisely,Freshwater,3585653075379050,2020-05-24 22:09:47
Reyna,Cornewell,3561880090019894,2020-05-24 22:09:47
Zorana,Bakey,6.33495979556034E+017,2020-05-24 22:09:47
Reagan,Bergin,4405750562961634,2020-05-24 22:09:47
Marissa,Nowak,5602236390113646,2020-05-24 22:09:47
Marys,Pynn,3584976057865635,2020-05-24 22:09:47
Arvy,Gent,5505439317687274,2020-05-24 22:09:47
Maribelle,Gauch,5100173418708866,2020-05-24 22:09:47
Kacey,Powis,5100175663296828,2020-05-24 22:09:47
Helena,Espinos,3583950352115625,2020-05-24 22:09:47
Frederica,Gerault,3573720978265670,2020-05-24 22:09:47
Jeremiah,Kellitt,3559358387429658,2020-05-24 22:09:47
Quinlan,Sircomb,6.04419553159769E+017,2020-05-24 22:09:47
Giordano,Murtimer,5366657406656243,2020-05-24 22:09:47
Bel,Fandrey,3581858116543663,2020-05-24 22:09:47
Wendell,Darkin,5100179557863123,2020-05-24 22:09:47
Kimmy,Lawden,3560086452386787,2020-05-24 22:09:47
Layla,Ebbings,3540005294370663,2020-05-24 22:09:47
Raymond,Beceril,6387765312296104,2020-05-24 22:09:47
Zola,Gouinlock,3583264592562616,2020-05-24 22:09:47
Willy,Brundale,4325030143610316,2020-05-24 22:09:47
Melisse,Duthy,3563220585059923,2020-05-24 22:09:47
Sharon,Cuseick,5002357338428650,2020-05-24 22:09:47
Antons,Ost,3576446679231467,2020-05-24 22:09:47
Darelle,Toffolo,3553801569589829,2020-05-24 22:09:47
Jyoti,Abrahmson,5116020748714324,2020-05-24 22:09:47
Gustave,Punch,30451185502704,2020-05-24 22:09:47
Lorilyn,Bough,5399065650127229,2020-05-24 22:09:47
Salim,Rohloff,4175005110543204,2020-05-24 22:09:47
Pierson,Baylis,3559990208871336,2020-05-24 22:09:47
Karel,Dunseath,4917269537661899,2020-05-24 22:09:47
Mallory,Brand,4041378516476341,2020-05-24 22:09:47
Bucky,Mawne,5.60222242629497E+016,2020-05-24 22:09:47
Scottie,Ginty,3583000354725367,2020-05-24 22:09:47
Gardy,Atwill,6.33347831197536E+018,2020-05-24 22:09:47
Davon,Juza,5602246174758896,2020-05-24 22:09:47
Rodge,McCrudden,3550079153666682,2020-05-24 22:09:47
Rosco,Copo,6.70973779514573E+017,2020-05-24 22:09:47
Vivi,Brandi,3583862503205512,2020-05-24 22:09:47
Elijah,Dore,3579671606824459,2020-05-24 22:09:47
Georgianna,Frow,6.76172990114027E+016,2020-05-24 22:09:47
Lissa,Chalmers,341312947624752,2020-05-24 22:09:47
Aprilette,Ordidge,374283889011177,2020-05-24 22:09:47
Leigh,Simonite,3551566520046662,2020-05-24 22:09:47
Millard,Blest,3536893931729524,2020-05-24 22:09:47
Kerr,Elph,343391922750681,2020-05-24 22:09:47
Kassey,Lukins,3552365908636148,2020-05-24 22:09:47
Tiffany,Gowan,3550737385063453,2020-05-24 22:09:47
Jania,Mulliss,3547626981311125,2020-05-24 22:09:47
Winny,Dohr,3559235966414766,2020-05-24 22:09:47
Carlin,Moreno,3535287279454814,2020-05-24 22:09:47
Leila,Booker,3567560323940926,2020-05-24 22:09:47
Kelila,Matlock,3573471743345120,2020-05-24 22:09:47
Danell,Cage,5100172782132158,2020-05-24 22:09:47
Floyd,Danielian,30056818414662,2020-05-24 22:09:47
Erny,Shadfourth,3539783707882259,2020-05-24 22:09:47
Dede,Allen,5.60221308328291E+017,2020-05-24 22:09:47
Gale,Moorrud,5010125923500195,2020-05-24 22:09:47
Wilton,Loughrey,6.75914921674974E+017,2020-05-24 22:09:47
Ingaborg,Urling,3538367575722929,2020-05-24 22:09:47
Zea,Raddan,3539374070016731,2020-05-24 22:09:47
Rolfe,Calway,3570519887798166,2020-05-24 22:09:47
Abbe,Petschel,374288355050484,2020-05-24 22:09:47
Freeland,Dabinett,3546709113879218,2020-05-24 22:09:47
Waverly,Bernadot,3546847074701524,2020-05-24 22:09:47
Ebeneser,Orneles,3541752528892587,2020-05-24 22:09:47
Justin,Marquiss,3545489312239305,2020-05-24 22:09:47
Fulton,Sargeaunt,5100132133669084,2020-05-24 22:09:47
Gracia,Vanner,3530679061852426,2020-05-24 22:09:47
Glori,Dinsale,3528289837858386,2020-05-24 22:09:47
Rube,Cumber,201729140333213,2020-05-24 22:09:47
Wendel,Bisatt,3567353991014442,2020-05-24 22:09:47
Branden,De Pietri,4447610571738,2020-05-24 22:09:47
Colet,De Mars,6370637058183086,2020-05-24 22:09:47
Zara,McKevin,3539055184642534,2020-05-24 22:09:47
Shep,Kentwell,201535254821004,2020-05-24 22:09:47
Nil,Clamp,5602243107025295,2020-05-24 22:09:47
Louella,Chitter,6390646355389094,2020-05-24 22:09:47
Keelia,Oxborrow,343295697702399,2020-05-24 22:09:47
Alfred,Awcoate,3571387125705149,2020-05-24 22:09:47
Mirella,Gillman,5579407209413175,2020-05-24 22:09:47
Lotti,McCurtin,5562108906140652,2020-05-24 22:09:47
Towny,Schwandner,3580708580576379,2020-05-24 22:09:47
Luce,Dickson,3547904746304879,2020-05-24 22:09:47
Caroline,Levine,201881209087675,2020-05-24 22:09:47
Galven,Reddin,3577844419676802,2020-05-24 22:09:47
Archibold,Wyatt,3550335993341088,2020-05-24 22:09:47
Charmion,Wedmore.,5.03821982389347E+016,2020-05-24 22:09:47
Arlana,Sibbons,374622414613660,2020-05-24 22:09:47
Clem,Scamadine,3583202329250055,2020-05-24 22:09:47
Danyelle,Hegel,3578937681607155,2020-05-24 22:09:47
Natale,Cowan,6331100988244468,2020-05-24 22:09:47
Rivi,Thoumasson,5.0203302710318E+018,2020-05-24 22:09:47
Alica,Gullivent,3567075749109238,2020-05-24 22:09:47
Kenon,Kynan,201872525217203,2020-05-24 22:09:47
Pandora,Juliano,4936337250905624,2020-05-24 22:09:47
Craig,Flewett,4017954550836,2020-05-24 22:09:47
Fianna,Conry,6304466497223720,2020-05-24 22:09:47
Wilow,Collinge,3544505819529301,2020-05-24 22:09:47
Rutger,Carlesi,3586124997774108,2020-05-24 22:09:47
Corby,Webburn,5602230329967883,2020-05-24 22:09:47
Leopold,Brockelsby,5.60221172744218E+018,2020-05-24 22:09:47
Gabbie,Antrim,5602229510989565,2020-05-24 22:09:47
Bordy,Sawkin,3565557540236916,2020-05-24 22:09:47
Tate,de Almeida,5610041601825602,2020-05-24 22:09:47
Sacha,Standrin,3533173284986754,2020-05-24 22:09:47
Julie,Haly,6709243137422033,2020-05-24 22:09:47
Anne-marie,Gomar,4175001985788636,2020-05-24 22:09:47
Anallise,Everitt,5.64182065995707E+018,2020-05-24 22:09:47
Letta,Glowacki,3546508674704215,2020-05-24 22:09:47
Otes,Hilbourne,36508135072361,2020-05-24 22:09:47
Ileane,Larwood,5002351112530963,2020-05-24 22:09:47
Tildy,Hallworth,3563076490732776,2020-05-24 22:09:47
Sonni,Marchment,3543537429367732,2020-05-24 22:09:47
Andrew,Buyers,201924792474544,2020-05-24 22:09:47
Shay,Polleye,3588384452934815,2020-05-24 22:09:47
Noreen,Frantz,5.60224887051167E+016,2020-05-24 22:09:47
Galvin,Weth,3537569089783336,2020-05-24 22:09:47
Lind,Dowman,6.75928965230329E+018,2020-05-24 22:09:47
Jenine,Duchenne,4917377337853341,2020-05-24 22:09:47
Addi,Kalb,3570987960693978,2020-05-24 22:09:47
